trade_id,factor_id,level
13645,7,8190570.778
13646,7,8143490.136
13647,7,34858532.454
13648,7,2802608.544
13649,7,25871438.501
13650,7,5360393.407
13651,7,479667.889
13652,7,3159851.307
13653,7,355760.719
13654,7,5020363.806
13655,7,1517174.537
13656,7,112875000.141
13657,7,2010463.083
13658,7,14053144.799
13659,7,934581.811
13660,7,2148411.08
13661,7,29965704.337
13662,7,13450951.658
13663,7,23838758.83
13664,7,31448559.129
13665,7,1354005.739
13666,7,45426677.256
13667,7,2697650.1
13668,7,4317758.67
13669,7,602123.239
13670,7,140491290.055
13671,7,1755570.735
13672,7,3287455.834
13673,7,2373424.564
13674,7,10856394.086
13675,7,19343812.44
13676,7,237139949.323
13677,7,834546.668
13678,7,12667993.327
13679,7,21283238.534
13680,7,1446011.205
13681,7,7176048.691
13682,7,4770559.562
13683,7,12909933.126
13684,7,7880839.208
13685,7,218433288.313
13686,7,1098543.496
13687,7,68955800.151
13688,7,280476.425
13689,7,79904437.577
13690,7,332667.699
13691,7,1241365.292
13692,7,9315292.836
13693,7,2458177.657
13694,7,434437.379
13695,7,16911870.7
13696,7,1075783.635
13697,7,698062.247
13698,7,347347.938
13699,7,661108.554
13700,7,883072.928
13701,7,39658548.144
13702,7,54072603.495
13703,7,14519537.998
13704,7,1516873.117
13705,7,6458050.164
13706,7,423915.536
13707,7,2222407.025
13708,7,1642877.783
13709,7,8605283.096
13710,7,2235626.643
13711,7,455524.065
13712,7,887110.477
13713,7,29390658.143
13714,7,57459555.301
13715,7,888470.271
13716,7,486738.045
13717,7,957868.509
13718,7,21695429.983
13719,7,39648943.35
13720,7,1736589.945
13721,7,1644081.619
13722,7,11013791.865
13723,7,365780.224
13724,7,296212586.506
13725,7,5424221.149
13726,7,2424342.611
13727,7,269773.859
13728,7,2986256.671
13729,7,401710106.303
13730,7,35245352.393
13731,7,23855789.855
13732,7,204520024.023
13733,7,130133695.611
13734,7,8103475.293
13735,7,28735960.559
13736,7,39021601.864
13737,7,273813.291
13738,7,470987.948
13739,7,1436991.806
13740,7,480757.711
13741,7,352176.971
13742,7,45399988.925
13743,7,5558601.788
13744,7,840521.092
13745,7,659465.489
13746,7,15239163.597
13747,7,3673648.97
13748,7,2765727.116
13749,7,410479.078
13750,7,520935.804
13751,7,79933410.305
13752,7,83303952.131
24627,56,4419041.466
24628,56,295526.084
24629,56,748198.292
24630,56,2916636.671
24631,56,601036.858
24632,56,2252459.654
24633,56,1351666.757
24634,56,423174.169
73103,7,578664.784
73104,7,575338.532
73105,7,2462759.399
73106,7,1827820.159
73107,7,378712.422
73108,7,354689.291
73109,7,7974631.975
73110,7,992856.325
73111,7,2117080.52
73112,7,950311.309
73113,7,1684211.102
73114,7,2221844.384
73115,7,3209400.067
73116,7,305050.156
73117,7,9925726.091
73118,7,767005.513
73119,7,1366642.614
73120,7,16753965.183
73121,7,894995.212
73122,7,1503663.294
73123,7,506988.68
73124,7,337040.592
73125,7,912088.287
73126,7,556782.213
73127,7,15432337.393
73128,7,4871735.354
73129,7,5645257.87
73130,7,658126.529
73131,7,1194825.645
73132,7,2801881.069
73133,7,3820235.768
73134,7,1025807.059
73135,7,456262.0
73136,7,607964.258
73137,7,2076453.439
73138,7,4059524.309
73139,7,1532784.668
73140,7,2801202.49
73141,7,778125.685
73142,7,20927453.916
73143,7,383221.859
73144,7,28380866.041
73145,7,2490088.273
73146,7,1685414.346
73147,7,14449363.642
73148,7,9193960.831
73149,7,572511.478
73150,7,2030198.978
73151,7,2756880.74
73152,7,3207514.533
73153,7,392715.867
73154,7,1076648.692
73155,7,259543.73
73156,7,5647304.796
73157,7,5885433.971
51019,427,4.0
51024,427,1.0
56496,427,1000.0
56498,427,1.0
56500,427,2.0
56501,427,10.0
56502,427,8.0
56505,427,2.0
56507,427,1.0
56508,427,2.0
56510,427,38.0
56522,427,3.0
56523,427,4.0
56524,427,1.0
56525,427,12.0
56528,427,9.0
56531,427,13.0
56532,427,3.0
56533,427,1.0
97509,427,1.0
101150,427,26.0
101157,427,11.0
107199,427,1.0
107200,427,172.0
107207,427,1.0
107208,427,3.0
107214,427,2.0
107215,427,2.0
107216,427,57.0
107218,427,7.0
13632,433,11.0
13633,433,41.0
13634,433,26.0
13635,433,13.0
13636,433,21.0
13637,433,342.0
13638,433,19.0
13639,433,26.0
13640,433,36.0
13641,433,19.0
13642,433,12.0
13643,433,109.0
13644,433,17.0
13854,433,287.0
13855,433,284.0
13856,433,1221.0
13857,433,98.0
13858,433,906.0
13859,433,188.0
13860,433,17.0
13861,433,111.0
13862,433,12.0
13863,433,176.0
13864,433,53.0
13865,433,3951.0
13866,433,59.0
13867,433,492.0
13868,433,33.0
13869,433,63.0
13870,433,1050.0
13871,433,469.0
13872,433,831.0
13873,433,1096.0
13874,433,47.0
13875,433,20.0
13876,433,1591.0
13877,433,94.0
13878,433,150.0
13879,433,21.0
13880,433,4896.0
13881,433,61.0
13882,433,115.0
13883,433,83.0
13884,433,8.0
13885,433,378.0
13886,433,677.0
13887,433,8264.0
13888,433,29.0
13889,433,818.0
13890,433,442.0
13891,433,745.0
13892,433,9.0
13893,433,50.0
13894,433,250.0
13895,433,167.0
13896,433,452.0
13897,433,276.0
13898,433,7612.0
13899,433,38.0
13900,433,2413.0
13901,433,10.0
13902,433,2797.0
13903,433,12.0
13904,433,43.0
13905,433,326.0
13906,433,86.0
13907,433,15.0
13908,433,592.0
13909,433,37.0
13910,433,24.0
13911,433,12.0
13912,433,23.0
13913,433,31.0
13914,433,1382.0
13915,433,1894.0
13916,433,509.0
13917,433,53.0
13918,433,226.0
13919,433,15.0
13920,433,78.0
13921,433,58.0
13922,433,300.0
13923,433,65.0
13924,433,147524.0
13925,433,16.0
13926,433,31.0
13927,433,8.0
13928,433,1029.0
13929,433,8.0
13930,433,2013.0
13931,433,27.0
13932,433,14.0
13933,433,34.0
13934,433,760.0
13935,433,1382.0
13936,433,51.0
13937,433,58.0
13938,433,386.0
13939,433,13.0
13940,433,10323.0
13941,433,190.0
13942,433,85.0
13943,433,9.0
13944,433,87.0
13945,433,13999.0
13946,433,2306.0
13947,433,831.0
13948,433,7130.0
13949,433,4557.0
13950,433,284.0
13951,433,1006.0
13952,433,1367.0
13953,433,10.0
13954,433,16.0
13955,433,50.0
13956,433,8.0
13957,433,17.0
13958,433,10.0
13959,433,1590.0
13960,433,195.0
13961,433,29.0
13962,433,23.0
13963,433,534.0
13964,433,107.0
13965,433,97.0
13966,433,14.0
13967,433,15.0
13968,433,2787.0
13969,433,2905.0
25647,433,73.0
25648,433,23.0
27849,433,128.0
43429,433,27.0
53050,433,27.0
53051,433,15.0
53052,433,67.0
104793,433,2159.0
104794,433,121.0
115846,433,20657.0
115847,433,73.0
115848,433,1159.0
115849,433,36.0
115850,433,56.0
115851,433,87.0
629,457,2.0
2804,457,14.0
2805,457,16.0
2806,457,564.0
3241,465,4.0
3242,465,10.0
3243,465,3.0
3244,465,6.0
3245,465,51.0
3246,465,7.0
3247,465,222.0
3248,465,132.0
3249,465,10.0
3250,465,11.0
3251,465,6.0
9021,457,1.0
9022,457,1.0
9023,457,51.0
10359,457,17.0
10360,457,15.0
10361,457,47.0
10362,457,14.0
10363,457,12.0
10364,457,56.0
10365,457,1931.0
10895,465,2.0
10896,465,8.0
10897,465,5.0
13048,464,5.0
13049,464,1.0
13050,464,982.0
13051,464,3.0
13052,464,10.0
13053,464,5.0
13054,464,9.0
13055,464,2.0
13056,464,58.0
13057,464,106.0
13058,464,19132.0
13059,464,25.0
13060,464,2.0
13061,464,1.0
13062,464,22.0
13063,464,7.0
13064,464,61.0
13065,464,501.0
14860,457,7.0
14861,457,21.0
14862,457,39.0
14863,457,11.0
14864,457,76.0
14865,457,27.0
14866,457,99.0
14867,457,42.0
14868,457,664.0
14869,457,11.0
14870,457,19.0
14871,457,131.0
14872,457,4.0
14873,457,73.0
14874,457,4.0
14875,457,4.0
14876,457,123.0
14877,457,3.0
14878,457,5.0
14879,457,14.0
14880,457,161.0
14881,457,16.0
14882,457,8.0
14883,457,171.0
14884,457,85.0
14885,457,7.0
14886,457,566.0
14887,457,26.0
14888,457,108.0
14889,457,27.0
14890,457,8.0
14891,457,4.0
14892,457,6.0
14893,457,3.0
14894,457,9.0
14895,457,4.0
14896,457,65.0
14897,457,13.0
14898,457,40.0
14899,457,13.0
14900,457,1810.0
14901,457,63.0
14902,457,19.0
14903,457,47.0
14904,457,241.0
14905,457,539.0
14906,457,103.0
14907,457,15.0
14908,457,6.0
14909,457,465.0
14910,457,61.0
14911,457,4.0
14912,457,2183.0
14913,457,9.0
14914,457,7.0
14915,457,10.0
14916,457,8.0
14917,457,169.0
14918,457,74838.0
23152,465,1.0
23153,465,3.0
23154,465,2.0
25337,457,2.0
28347,457,1.0
28350,457,1.0
28351,457,3.0
28353,457,1.0
28354,457,1.0
28355,457,3.0
28357,457,112.0
33625,457,1.0
33629,457,1.0
33630,457,3.0
33632,457,1.0
33633,457,1.0
33634,457,4.0
33636,457,121.0
35186,457,2.0
35187,457,2.0
35188,457,66.0
37997,457,2.0
40313,457,1.0
40314,457,1.0
40316,457,2.0
40317,457,1.0
40318,457,11.0
40320,457,2.0
40321,457,1.0
40322,457,2.0
40323,457,3.0
40324,457,3.0
40325,457,1.0
40326,457,9.0
40328,457,2.0
40330,457,1.0
40331,457,1.0
40332,457,30.0
40333,457,1.0
40335,457,1.0
40336,457,4.0
40337,457,9.0
40338,457,2.0
40339,457,8.0
40340,457,1.0
40341,457,36.0
40342,457,3.0
40343,457,1231.0
44161,457,1.0
44162,457,1.0
44163,457,2.0
44167,457,2.0
44168,457,67.0
47849,457,7.0
47850,457,6.0
47851,457,19.0
47852,457,3.0
47853,457,6.0
47854,457,5.0
47855,457,23.0
47856,457,783.0
49887,457,2.0
51546,457,3.0
51547,457,3.0
51548,457,8.0
51549,457,2.0
51550,457,2.0
51551,457,10.0
51552,457,338.0
56961,457,1.0
56963,457,1.0
56965,457,2.0
56966,457,1.0
56967,457,12.0
56969,457,2.0
56970,457,1.0
56971,457,2.0
56973,457,3.0
56975,457,3.0
56976,457,2.0
56977,457,10.0
56979,457,2.0
56981,457,1.0
56983,457,1.0
56985,457,33.0
56986,457,1.0
56988,457,1.0
56989,457,4.0
56990,457,10.0
56991,457,2.0
56993,457,9.0
56994,457,1.0
56995,457,40.0
56996,457,3.0
56997,457,1369.0
60452,457,1.0
60453,457,4.0
60454,457,1.0
60456,457,1.0
60457,457,1.0
60458,457,1.0
60459,457,1.0
60460,457,3.0
60461,457,1.0
60463,457,11.0
60465,457,1.0
60466,457,3.0
60467,457,1.0
60468,457,3.0
60469,457,13.0
60470,457,1.0
60471,457,452.0
64120,457,16.0
67384,457,6.0
69131,457,3.0
72504,464,40.0
72504,461,39.0
72505,464,5.0
72505,461,5.0
72506,464,7378.0
72506,461,7101.0
72507,464,20.0
72507,461,20.0
72508,464,73.0
72508,461,70.0
72509,464,39.0
72509,461,38.0
72510,464,68.0
72510,461,66.0
72511,464,13.0
72511,461,12.0
72512,464,439.0
72512,461,422.0
72513,464,799.0
72513,461,769.0
72514,464,1.0
72514,461,1.0
72515,464,143737.0
72515,461,138343.0
72516,464,191.0
72516,461,184.0
72517,464,13.0
72517,461,13.0
72518,464,5.0
72518,461,5.0
72519,464,168.0
72519,461,161.0
72520,464,55.0
72520,461,53.0
72521,464,461.0
72521,461,444.0
72522,464,3766.0
72522,461,3625.0
72655,436,1026.0
72656,436,18.0
72657,436,2.0
72659,436,1.0
72660,436,111.0
72662,436,1.0
72663,436,24.0
72664,436,1.0
72665,436,8.0
72666,436,8.0
72667,436,6.0
73960,457,8.0
73961,457,23.0
73962,457,43.0
73963,457,13.0
73964,457,85.0
73965,457,30.0
73966,457,111.0
73967,457,47.0
73968,457,744.0
73969,457,12.0
73970,457,21.0
73971,457,146.0
73972,457,82.0
73973,457,138.0
73974,457,5.0
73975,457,16.0
73976,457,180.0
73977,457,17.0
73978,457,9.0
73979,457,192.0
73980,457,95.0
73981,457,7.0
73982,457,634.0
73983,457,29.0
73984,457,121.0
73985,457,30.0
73986,457,9.0
73987,457,6.0
73988,457,10.0
73989,457,73.0
73990,457,14.0
73991,457,45.0
73992,457,14.0
73993,457,2028.0
73994,457,71.0
73995,457,21.0
73996,457,52.0
73997,457,270.0
73998,457,605.0
73999,457,116.0
74000,457,17.0
74001,457,7.0
74002,457,522.0
74003,457,68.0
74004,457,2448.0
74005,457,10.0
74006,457,8.0
74007,457,11.0
74008,457,9.0
74009,457,190.0
74010,457,83891.0
74871,465,3.0
74871,462,3.0
74872,465,15.0
74872,462,14.0
74873,465,2.0
74873,462,2.0
74874,465,64.0
74874,462,61.0
74875,465,38.0
74875,462,37.0
74876,465,3.0
74876,462,3.0
74877,465,3.0
74877,462,3.0
81038,457,10.0
82794,457,1.0
86803,438,1.0
86805,438,1.0
87652,436,3.0
88053,457,145.0
88714,438,1.0
88715,438,6.0
88716,438,50.0
88717,438,27.0
88718,438,75.0
90060,457,2.0
90063,457,1.0
90064,457,1.0
90066,457,2.0
90068,457,6.0
90069,457,1.0
90070,457,2.0
90072,457,2.0
90073,457,7.0
90074,457,1.0
90075,457,255.0
94052,436,32.0
94053,436,1.0
94054,436,3.0
94055,436,1.0
94413,457,3.0
94414,457,2.0
94415,457,7.0
94416,457,2.0
94417,457,2.0
94418,457,9.0
94419,457,306.0
94671,465,8.0
94672,465,36.0
94673,465,21.0
94674,465,2.0
99929,465,1.0
99931,465,4.0
99932,465,9.0
99933,465,2.0
99934,465,2.0
99935,465,3.0
99936,465,1.0
99937,465,2.0
99938,465,2.0
99940,465,6.0
99941,465,1.0
99942,465,49.0
99943,465,1.0
99944,465,6.0
99946,465,212.0
99947,465,127.0
99948,465,10.0
99949,465,10.0
99950,465,6.0
99951,465,1.0
99953,465,1.0
99954,465,1.0
99955,465,1.0
102981,436,1.0
103341,457,67.0
103853,438,3.0
103854,438,28.0
103855,438,15.0
103856,438,42.0
104787,436,30.0
104788,436,1.0
104789,436,3.0
104790,436,1.0
105151,457,22.0
105152,457,29.0
105153,457,195.0
105154,457,38.0
105155,457,21.0
105156,457,36.0
105157,457,47.0
105158,457,50.0
105159,457,25.0
105160,457,166.0
105161,457,32.0
105162,457,19.0
105163,457,531.0
105164,457,18.0
105165,457,71.0
105166,457,158.0
105167,457,30.0
105168,457,136.0
105169,457,18.0
105170,457,640.0
105171,457,50.0
105172,457,21944.0
105737,465,1.0
105738,465,4.0
105739,465,1.0
105740,465,1.0
105741,465,1.0
105742,465,1.0
105743,465,1.0
105744,465,3.0
105745,465,20.0
105746,465,3.0
105747,465,87.0
105748,465,52.0
105749,465,4.0
105750,465,4.0
105751,465,3.0
106041,438,3.0
106042,438,22.0
106043,438,12.0
106044,438,33.0
107678,464,2.0
107678,461,1.0
108607,457,26.0
108608,457,48.0
108609,457,14.0
108610,457,95.0
108611,457,34.0
108612,457,124.0
108613,457,53.0
108614,457,835.0
108615,457,13.0
108616,457,24.0
108617,457,164.0
108618,457,92.0
108619,457,155.0
108620,457,18.0
108621,457,202.0
108622,457,20.0
108623,457,215.0
108624,457,107.0
108625,457,712.0
108626,457,32.0
108627,457,135.0
108628,457,34.0
108629,457,82.0
108630,457,16.0
108631,457,50.0
108632,457,16.0
108633,457,2276.0
108634,457,79.0
108635,457,23.0
108636,457,59.0
108637,457,303.0
108638,457,678.0
108639,457,130.0
108640,457,19.0
108641,457,585.0
108642,457,76.0
108643,457,2747.0
108644,457,213.0
108645,457,94140.0
109612,465,2.0
109612,462,1.0
109613,465,4.0
109613,462,4.0
109614,465,1.0
109614,462,1.0
109615,465,1.0
109615,462,1.0
109616,465,1.0
109616,462,1.0
109617,465,1.0
109618,465,1.0
109618,462,1.0
109619,465,1.0
109619,462,1.0
109620,465,3.0
109620,462,2.0
109621,465,21.0
109621,462,19.0
109622,465,3.0
109622,462,2.0
109623,465,90.0
109623,462,82.0
109624,465,54.0
109624,462,49.0
109625,465,4.0
109625,462,4.0
109626,465,4.0
109626,462,4.0
109627,465,3.0
109627,462,2.0
109628,465,1.0
109628,462,1.0
109629,465,1.0
109629,462,1.0
110020,438,1.0
110021,438,1.0
110022,438,3.0
110023,438,20.0
110024,438,169.0
110025,438,1.0
110026,438,1.0
110027,438,90.0
110031,438,1.0
110035,438,252.0
110038,438,1.0
110039,438,2.0
110041,438,1.0
112037,464,1.0
112858,457,1.0
112859,457,2.0
112860,457,11.0
112861,457,2.0
112862,457,1.0
112863,457,2.0
112864,457,3.0
112865,457,3.0
112866,457,1.0
112867,457,9.0
112868,457,2.0
112869,457,1.0
112870,457,30.0
112871,457,1.0
112872,457,4.0
112873,457,9.0
112874,457,2.0
112875,457,8.0
112876,457,37.0
112877,457,3.0
112878,457,1254.0
113681,465,1.0
113682,465,2.0
113683,465,1.0
113684,465,1.0
113685,465,11.0
113686,465,1.0
113687,465,47.0
113688,465,28.0
113689,465,2.0
113690,465,2.0
113691,465,1.0
115756,436,62.0
115757,436,1.0
115758,436,7.0
115759,436,1.0
116069,457,2.0
116070,457,2.0
116071,457,6.0
116072,457,2.0
116073,457,2.0
116074,457,8.0
116075,457,268.0
116295,465,5.0
116296,465,3.0
1981,503,43.0
13343,490,40.0
24627,517,2776.0
24627,518,114.0
24628,517,186.0
24628,518,8.0
24629,517,470.0
24629,518,19.0
24630,517,1832.0
24630,518,75.0
24631,517,378.0
24631,518,16.0
24632,517,1415.0
24632,518,58.0
24633,517,849.0
24633,518,35.0
24634,517,266.0
24634,518,11.0
48497,522,5.0
48498,522,3.0
48499,522,2.0
48500,522,19.0
48501,522,19.0
48502,522,11.0
48503,522,4.0
48504,522,3.0
48505,522,4.0
48506,522,5.0
48507,522,3.0
48508,522,13.0
50727,522,5.0
50728,522,20.0
50729,522,19.0
50730,522,11.0
50731,522,4.0
50732,522,3.0
50733,522,4.0
50734,522,5.0
50735,522,3.0
50736,522,14.0
58323,504,6.0
66098,517,6.0
66099,517,4.0
66100,517,3.0
68732,522,4.0
68733,522,6.0
68734,522,2.0
68735,522,17.0
68736,522,8.0
68737,522,6.0
68738,522,62.0
68739,522,60.0
68740,522,34.0
68741,522,13.0
68742,522,5.0
68743,522,10.0
68744,522,13.0
68745,522,5.0
68746,522,17.0
68747,522,9.0
68748,522,4.0
68749,522,43.0
68750,517,3.0
83824,522,52.0
83825,522,51.0
83826,522,29.0
83827,522,36.0
95195,517,8.0
95196,517,385.0
95197,517,26.0
95198,517,65.0
95199,517,7.0
95200,517,2.0
95201,517,254.0
95202,517,12.0
95203,517,5.0
95204,517,7.0
95205,517,52.0
95206,517,3.0
95207,517,196.0
95208,517,3.0
95209,517,118.0
95210,517,37.0
103580,500,277.0
103581,500,42.0
103582,500,33.0
103583,500,60.0
103584,500,14.0
103585,500,414.0
103586,500,27.0
9137,535,0.085
9138,535,0.29
9139,535,1.915
9140,535,16.509
9141,535,0.078
9142,535,8.772
9143,535,24.61
9144,535,0.145
9145,535,0.164
9146,535,0.087
13536,533,1036.279
13537,533,0.991
13538,533,1.756
13539,533,10.809
13540,533,8.7
13541,533,2.396
13542,533,0.792
13543,533,2.432
13544,533,38.875
13545,533,3.495
13546,533,4.417
13547,533,0.75
13548,533,12.499
13549,533,0.39
13550,533,9.203
13551,533,13.825
13552,533,3.057
13553,533,1.545
13854,711,1.982
13855,711,1.963
13856,711,8.444
13857,711,0.677
13858,711,6.267
13859,711,1.298
13860,711,0.116
13861,711,0.765
13862,711,0.086
13863,711,1.216
13864,711,0.368
13865,711,27.328
13866,711,0.405
13867,711,3.404
13868,711,0.225
13869,711,0.435
13870,711,7.259
13871,711,3.243
13872,711,5.749
13873,711,7.583
13874,711,0.326
13875,711,0.137
13876,711,11.004
13877,711,0.65
13878,711,1.041
13879,711,0.146
13880,711,33.862
13881,711,0.423
13882,711,0.792
13883,711,0.572
13884,711,0.055
13885,711,2.617
13886,711,4.685
13887,711,57.157
13888,711,0.202
13889,711,5.656
13890,711,3.058
13891,711,5.155
13892,711,0.059
13893,711,0.345
13894,711,1.73
13895,711,1.155
13896,711,3.127
13897,711,1.909
13898,711,52.647
13899,711,0.266
13900,711,16.686
13901,711,0.068
13902,711,19.345
13903,711,0.081
13904,711,0.301
13905,711,2.256
13906,711,0.595
13907,711,0.105
13908,711,4.097
13909,711,0.259
13910,711,0.169
13911,711,0.084
13912,711,0.159
13913,711,0.213
13914,711,9.559
13915,711,13.098
13916,711,3.517
13917,711,0.367
13918,711,1.564
13919,711,0.103
13920,711,0.538
13921,711,0.398
13922,711,2.074
13923,711,0.452
13924,711,1020.284
13925,711,0.11
13926,711,0.215
13927,711,0.053
13928,711,7.119
13929,711,0.052
13930,711,13.919
13931,711,0.185
13932,711,0.098
13933,711,0.232
13934,711,5.255
13935,711,9.556
13936,711,0.35
13937,711,0.398
13938,711,2.667
13939,711,0.089
13940,711,71.394
13941,711,1.314
13942,711,0.586
13943,711,0.065
13944,711,0.601
13945,711,96.821
13946,711,15.95
13947,711,5.751
13948,711,49.311
13949,711,31.519
13950,711,1.963
13951,711,6.961
13952,711,9.452
13953,711,0.066
13954,711,0.114
13955,711,0.348
13956,711,0.055
13957,711,0.116
13958,711,0.071
13959,711,10.995
13960,711,1.346
13961,711,0.204
13962,711,0.16
13963,711,3.691
13964,711,0.739
13965,711,0.668
13966,711,0.099
13967,711,0.105
13968,711,19.272
13969,711,20.093
18568,529,0.34
18569,529,0.359
18570,529,1.235
18571,529,0.196
18572,529,1.28
18573,529,2.402
18574,529,6.068
18575,529,32.591
18576,529,14.746
18577,529,0.841
18578,529,0.828
18579,529,0.323
18580,529,2.748
18581,529,0.279
18582,529,0.736
18583,529,0.114
18584,529,0.213
18585,529,0.154
18586,529,0.093
18587,529,0.186
18588,529,0.556
18589,529,407.949
18590,529,0.087
18591,529,4.409
18592,529,0.136
18593,529,0.585
18594,529,0.124
18595,529,0.932
18596,529,0.712
18597,529,1.377
18598,529,0.158
18599,529,3.534
18600,529,19.173
18601,529,1.389
18602,529,0.896
18603,529,1.761
18604,529,98.848
18605,529,0.497
18606,529,2.759
18607,529,0.112
18608,529,0.132
18609,529,0.092
18610,529,75.085
18611,529,1.186
28030,540,75.942
28031,540,0.792
28032,540,0.638
28033,540,2.849
28034,540,0.916
28035,540,0.674
28036,540,1.013
39988,540,99.946
39989,540,0.169
39990,540,1.043
39991,540,0.839
39992,540,0.231
39993,540,0.235
39994,540,3.749
39995,540,0.337
39996,540,0.426
39997,540,1.205
39998,540,0.888
39999,540,1.333
40000,540,0.295
51212,539,0.88
51213,539,0.718
51214,539,7663.431
51215,539,1.111
51216,539,7.33
51217,539,0.253
51218,539,12.983
51219,539,79.936
51220,539,64.339
51221,539,0.247
51222,539,1.497
51223,539,17.716
51224,539,1.309
51225,539,5.858
51226,539,17.985
51227,539,0.248
51228,539,0.161
51229,539,287.489
51230,539,0.844
51231,539,0.165
51232,539,0.53
51233,539,1.278
51234,539,0.169
51235,539,0.25
51236,539,0.445
51237,539,0.375
51238,539,0.28
51239,539,0.332
51240,539,0.192
51241,539,25.846
51242,539,32.668
51243,539,5.544
51244,539,92.431
51245,539,1.385
51246,539,2.887
51247,539,68.06
51248,539,0.311
51249,539,0.64
51250,539,102.238
51251,539,22.61
51252,539,11.429
56195,530,59.571
56196,530,1.054
56197,530,6.463
56198,530,1.404
56199,530,0.471
56200,530,0.453
56201,530,0.364
56494,533,0.387
56494,540,0.371
56494,539,0.363
56495,533,0.316
56495,540,0.303
56495,539,0.296
56496,533,3370.79
56496,540,3230.69
56496,539,3162.058
56497,533,0.489
56497,540,0.468
56497,539,0.458
56498,533,3.224
56498,540,3.09
56498,539,3.024
56499,533,0.111
56499,540,0.107
56499,539,0.104
56500,533,5.71
56500,540,5.473
56500,539,5.357
56501,533,35.16
56501,540,33.699
56501,539,32.983
56502,533,28.3
56502,540,27.123
56502,539,26.547
56503,533,0.109
56503,540,0.104
56503,539,0.102
56504,533,0.659
56504,540,0.631
56504,539,0.618
56505,533,7.792
56505,540,7.469
56505,539,7.31
56506,533,0.576
56506,540,0.552
56506,539,0.54
56507,533,2.577
56507,540,2.47
56507,539,2.417
56508,533,7.911
56508,540,7.582
56508,539,7.421
56509,533,0.109
56509,540,0.104
56509,539,0.102
56510,533,126.453
56510,540,121.197
56510,539,118.623
56511,533,0.371
56511,540,0.356
56511,539,0.348
56512,533,0.073
56512,540,0.07
56512,539,0.068
56513,533,0.233
56513,540,0.224
56513,539,0.219
56514,533,0.562
56514,540,0.539
56514,539,0.527
56515,533,0.074
56515,540,0.071
56515,539,0.07
56516,533,0.11
56516,540,0.105
56516,539,0.103
56517,533,0.196
56517,540,0.188
56517,539,0.184
56518,533,0.165
56518,540,0.158
56518,539,0.155
56519,533,0.123
56519,540,0.118
56519,539,0.115
56520,533,0.146
56520,540,0.14
56520,539,0.137
56521,533,0.084
56521,540,0.081
56521,539,0.079
56522,533,11.369
56522,540,10.896
56522,539,10.665
56523,533,14.369
56523,540,13.772
56523,539,13.479
56524,533,2.439
56524,540,2.337
56524,539,2.288
56525,533,40.656
56525,540,38.966
56525,539,38.139
56526,533,0.609
56526,540,0.584
56526,539,0.571
56527,533,1.27
56527,540,1.217
56527,539,1.191
56528,533,29.936
56528,540,28.692
56528,539,28.083
56529,533,0.137
56529,540,0.131
56529,539,0.128
56530,533,0.282
56530,540,0.27
56530,539,0.264
56531,533,44.97
56531,540,43.101
56531,539,42.185
56532,533,9.945
56532,540,9.532
56532,539,9.329
56533,533,5.027
56533,540,4.818
56533,539,4.716
58050,535,0.075
58051,535,0.107
58052,535,0.363
58053,535,2.4
58054,535,20.682
58055,535,0.078
58056,535,0.098
58057,535,10.99
58058,535,0.082
58059,535,30.83
58060,535,0.054
58061,535,0.182
58062,535,0.205
58063,535,0.109
60156,540,31.446
60157,540,0.328
60158,540,0.264
60159,540,0.073
60160,540,0.074
60161,540,1.18
60162,540,0.106
60163,540,0.134
60164,540,0.379
60165,540,0.279
60166,540,0.42
60167,540,0.093
69052,530,1.56
69053,530,0.169
71073,530,0.163
72654,530,0.319
72655,530,1005.948
72656,530,17.799
72657,530,2.051
72658,530,0.32
72659,530,0.735
72660,530,109.129
72661,530,0.249
72662,530,0.667
72663,530,23.705
72664,530,0.838
72665,530,7.959
72666,530,7.65
72667,530,6.139
72668,530,0.287
72942,540,0.378
72943,540,0.308
72944,540,3290.001
72945,540,0.477
72946,540,3.147
72947,540,0.109
72948,540,5.574
72949,540,34.317
72950,540,27.621
72951,540,0.106
72952,540,0.643
72953,540,7.606
72954,540,0.562
72955,540,2.515
72956,540,7.721
72957,540,0.106
72958,540,123.422
72959,540,0.362
72960,540,0.228
72961,540,0.549
72962,540,0.107
72963,540,0.191
72964,540,0.161
72965,540,0.12
72966,540,0.142
72967,540,11.096
72968,540,14.025
72969,540,2.38
72970,540,39.682
72971,540,0.594
72972,540,1.239
72973,540,29.219
72974,540,0.134
72975,540,0.275
72976,540,43.892
72977,540,9.707
72978,540,4.907
76580,532,1.361
76580,545,0.335
76581,532,7.81
76581,545,1.921
76582,532,0.327
76582,545,0.081
76583,532,1.044
76583,545,0.257
76584,532,4.319
76584,545,1.062
76585,532,46.932
76585,545,11.545
76586,532,1.499
76586,545,0.369
76587,532,2.935
76587,545,0.722
86375,540,0.319
86803,535,0.291
86804,535,0.155
86805,535,0.433
87652,530,0.865
87653,530,0.094
87837,540,0.802
87837,531,0.625
87837,533,0.242
88714,535,0.122
88715,535,0.805
88716,535,6.935
88717,535,3.685
88718,535,10.337
88719,535,0.069
93224,540,0.942
94052,530,9.301
94053,530,0.165
94054,530,1.009
94055,530,0.219
94056,530,0.074
94057,530,0.071
94229,540,623.152
94229,552,438.222
94230,540,0.09
94230,552,0.064
94231,540,0.596
94231,552,0.419
94232,540,1.056
94232,552,0.742
94233,540,6.5
94233,552,4.571
94234,540,5.232
94234,552,3.679
94235,540,0.122
94235,552,0.086
94236,540,1.441
94236,552,1.013
94237,540,0.106
94237,552,0.075
94238,540,0.476
94238,552,0.335
94239,540,1.462
94239,552,1.028
94240,540,23.377
94240,552,16.44
94241,540,0.104
94241,552,0.073
94242,540,2.102
94242,552,1.478
94243,540,2.656
94243,552,1.868
94244,540,0.451
94244,552,0.317
94245,540,7.516
94245,552,5.286
94246,540,0.113
94246,552,0.079
94247,540,0.235
94247,552,0.165
94248,540,5.534
94248,552,3.892
94249,540,8.313
94249,552,5.846
94250,540,1.839
94250,552,1.293
94251,540,0.929
94251,552,0.654
97936,530,85.419
97937,530,1.511
97938,530,0.174
97939,530,9.267
97940,530,2.013
97941,530,0.676
97942,530,0.65
97943,530,0.521
100563,535,0.117
100564,535,0.769
100565,535,6.631
100566,535,3.523
100567,535,9.885
100568,528,0.116
100569,528,1.601
100570,528,0.384
101958,532,0.194
102488,529,0.07
102981,530,0.576
103127,540,150.36
103127,531,130.552
103128,540,0.144
103128,531,0.125
103129,540,0.255
103129,531,0.221
103130,540,1.568
103130,531,1.362
103131,540,1.262
103131,531,1.096
103132,540,0.348
103132,531,0.302
103133,540,0.353
103133,531,0.306
103134,540,5.641
103134,531,4.898
103135,540,0.507
103135,531,0.44
103136,540,0.641
103136,531,0.557
103137,540,1.814
103137,531,1.575
103138,540,1.335
103138,531,1.159
103139,540,2.006
103139,531,1.742
103140,540,0.444
103140,531,0.385
103141,540,0.224
103141,531,0.195
103852,535,0.234
103853,535,1.547
103854,535,13.335
103855,535,7.086
103856,535,19.878
103857,535,0.117
103858,535,0.132
104787,530,26.427
104788,530,0.468
104789,530,2.867
104790,530,0.623
104791,530,0.209
104834,531,0.966
104834,539,0.867
104835,531,0.788
104835,539,0.707
104836,531,8410.183
104836,539,7544.486
104837,531,1.219
104837,539,1.093
104838,531,8.044
104838,539,7.216
104839,531,0.278
104839,539,0.249
104840,531,14.248
104840,539,12.781
104841,531,87.725
104841,539,78.695
104842,531,70.608
104842,539,63.34
104843,531,0.271
104843,539,0.243
104844,531,1.643
104844,539,1.474
104845,531,19.442
104845,539,17.441
104846,531,1.436
104846,539,1.289
104847,531,6.429
104847,539,5.767
104848,531,19.737
104848,539,17.706
104849,531,0.088
104849,539,0.079
104850,531,0.068
104850,539,0.061
104851,531,0.062
104851,539,0.056
104852,531,0.272
104852,539,0.244
104853,531,0.177
104853,539,0.158
104854,531,315.503
104854,539,283.027
104855,531,0.926
104855,539,0.831
104856,531,0.181
104856,539,0.163
104857,531,0.582
104857,539,0.522
104858,531,1.402
104858,539,1.258
104859,531,0.083
104859,539,0.074
104860,531,0.11
104860,539,0.099
104861,531,0.186
104861,539,0.166
104862,531,0.079
104862,539,0.071
104863,531,0.274
104863,539,0.246
104864,531,0.489
104864,539,0.438
104865,531,0.412
104865,539,0.369
104866,531,0.307
104866,539,0.275
104867,531,0.113
104867,539,0.102
104868,531,0.085
104868,539,0.077
104869,531,0.364
104869,539,0.326
104870,531,0.095
104870,539,0.086
104871,531,0.21
104871,539,0.189
104872,531,28.365
104872,539,25.445
104873,531,0.065
104873,539,0.058
104874,531,35.851
104874,539,32.161
104875,531,6.085
104875,539,5.458
104876,531,101.438
104876,539,90.996
104877,531,1.52
104877,539,1.363
104878,531,3.168
104878,539,2.842
104879,531,74.692
104879,539,67.003
104880,531,0.342
104880,539,0.306
104881,531,0.703
104881,539,0.63
104882,531,112.2
104882,539,100.651
104883,531,24.813
104883,539,22.259
104884,531,12.543
104884,539,11.252
106040,535,0.24
106041,535,1.583
106042,535,13.641
106043,535,7.248
106044,535,20.334
106045,535,0.12
106046,535,0.135
106109,538,0.237
106110,538,4.557
106111,538,0.141
106112,538,0.059
106113,538,0.508
106114,538,6.215
106115,538,0.095
110020,535,0.384
110021,535,0.546
110022,535,1.861
110023,535,12.287
110024,535,105.902
110025,535,0.398
110026,535,0.503
110027,535,56.272
110028,535,0.206
110029,535,0.113
110030,535,0.121
110031,535,0.419
110032,535,0.139
110033,535,0.173
110034,535,0.146
110035,535,157.866
110036,535,0.276
110037,535,0.128
110038,535,0.93
110039,535,1.05
110040,535,0.134
110041,535,0.556
111403,529,0.073
111404,529,0.185
111405,529,0.991
111406,529,0.448
111407,529,0.084
111408,529,12.406
111409,529,0.134
111410,529,0.107
111411,529,0.583
111412,529,0.054
111413,529,3.006
111414,529,0.084
111415,529,2.283
115756,530,52.551
115757,530,0.93
115758,530,5.701
115759,530,1.238
115760,530,0.416
115761,530,0.4
115762,530,0.321
